{"cameraMode":{"drawMode":0,"name":"Shaded","section":"Shading Mode"},"sceneLighting":true,"audioPlay":false,"sceneViewState":{"showFog":false,"showMaterialUpdate":false,"showSkybox":true,"showFlares":false,"showImageEffects":false,"showParticleSystems":false,"showVisualEffectGraphs":true,"m_FxEnabled":true},"in2DMode":false,"pivot":{"x":15.411023139953614,"y":0.6769639253616333,"z":1.4654847383499146},"rotation":{"x":0.23595762252807618,"y":0.06874261051416397,"z":-0.016746854409575464,"w":0.9692044258117676},"size":56.487770080566409,"orthographic":false}